[
  {
    "description": "Before working with Inovite, our brand felt lost in the crowd. They not only gave us a stunning logo and website, but they also crafted a brand story that resonated with our customers. Now, we're seeing a surge in loyalty and engagement, and it all started with a spark!",
    "name": "Sarah Janson",
    "position": "CEO of Bloom Eco-Spa",
    "rating": 5
  },
  {
    "description": "We knew we needed a digital boost, but we had no idea where to start. Inovite came in like a team of data-driven superheroes! They built targeted campaigns that reached our ideal audience, and the results were incredible. Our leads skyrocketed, and our conversion rates doubled. They truly understand the power of digital!",
    "name": "Michael Kaper",
    "position": "VP of Marketing, Tech Inc.",
    "rating": 5
  },
  {
    "description": "Words cannot express how pleased we are with the visuals Inovite created for our brand. From the captivating infographics to the social media graphics that pop off the screen, they've injected an emotional punch into our communication that resonates deeply with our audience. Now, every visual tells our story with stunning clarity.",
    "name": "Anna Larson",
    "position": "Founder of StoryCraft Books",
    "rating": 4
  },
  {
    "description": "Our old website was a confusing maze. Inovite transformed it into a user-friendly paradise! They crafted a streamlined navigation that makes finding information a breeze, and the mobile experience is flawless. The result? Increased traffic, higher engagement, and happier customers. They've truly reimagined the digital experience.",
    "name": "David Madison",
    "position": "CTO of GreenTech Solutions",
    "rating": 4
  }
]
